file,backend,status,seconds,pages,text,tables,figures,raster_pages,warnings,run_dir,error
samples\manual-hp-e877-10pages\hp-e877-pages-001-010.pdf,docling,completed,172.102,10,38,0,5,0,2,experiments\docling-hp-e877-10pages-20260927\docling-82a6fa8b15-1d944786,
samples\manual-hp-e877-10pages\hp-e877-pages-011-020.pdf,docling,completed,56.117,10,150,9,10,0,16,experiments\docling-hp-e877-10pages-20260927\docling-9362a4b3f5-9dfe7fac,
samples\manual-hp-e877-10pages\hp-e877-pages-021-030.pdf,docling,completed,69.286,10,87,16,2,0,2,experiments\docling-hp-e877-10pages-20260927\docling-8b24db9228-9dd98d4c,
samples\manual-hp-e877-10pages\hp-e877-pages-031-040.pdf,docling,completed,34.288,10,48,7,13,0,2,experiments\docling-hp-e877-10pages-20260927\docling-c453c2e131-5f1f0e55,
samples\manual-hp-e877-10pages\hp-e877-pages-041-050.pdf,docling,completed,34.345,10,111,4,14,0,2,experiments\docling-hp-e877-10pages-20260927\docling-1e652e7fe3-1b517e34,
samples\manual-hp-e877-10pages\hp-e877-pages-051-060.pdf,docling,completed,28.683,10,87,0,22,0,2,experiments\docling-hp-e877-10pages-20260927\docling-41f2b9f99f-e98dbffb,
samples\manual-hp-e877-10pages\hp-e877-pages-061-070.pdf,docling,completed,26.623,10,259,0,6,0,2,experiments\docling-hp-e877-10pages-20260927\docling-01f5be57a4-e93e7dd5,
samples\manual-hp-e877-10pages\hp-e877-pages-071-080.pdf,docling,completed,38.473,10,321,1,8,0,2,experiments\docling-hp-e877-10pages-20260927\docling-3729e38bf4-6662df64,
samples\manual-hp-e877-10pages\hp-e877-pages-081-090.pdf,docling,completed,116.538,10,241,11,4,0,2,experiments\docling-hp-e877-10pages-20260927\docling-6ab38d02b3-7d2f993f,
samples\manual-hp-e877-10pages\hp-e877-pages-091-100.pdf,docling,completed,131.416,10,459,0,7,0,2,experiments\docling-hp-e877-10pages-20260927\docling-035d09f67e-ce20f33b,
samples\manual-hp-e877-10pages\hp-e877-pages-101-110.pdf,docling,completed,105.442,10,190,10,4,0,2,experiments\docling-hp-e877-10pages-20260927\docling-94e718b104-0f2105d5,
samples\manual-hp-e877-10pages\hp-e877-pages-111-120.pdf,docling,completed,89.359,10,232,6,14,0,3,experiments\docling-hp-e877-10pages-20260927\docling-e932b779e1-df4f2c8f,
samples\manual-hp-e877-10pages\hp-e877-pages-121-130.pdf,docling,completed,86.529,10,125,10,9,0,2,experiments\docling-hp-e877-10pages-20260927\docling-5aff2c61fd-49aaea95,
samples\manual-hp-e877-10pages\hp-e877-pages-131-140.pdf,docling,completed,112.137,10,225,9,8,0,2,experiments\docling-hp-e877-10pages-20260927\docling-0621cba2a9-7c7f9668,
samples\manual-hp-e877-10pages\hp-e877-pages-141-150.pdf,docling,completed,99.384,10,134,13,3,0,2,experiments\docling-hp-e877-10pages-20260927\docling-ee2bc731de-0c79f491,
samples\manual-hp-e877-10pages\hp-e877-pages-151-160.pdf,docling,completed,62.752,10,163,1,9,0,2,experiments\docling-hp-e877-10pages-20260927\docling-326c71a2cb-db4672bd,
samples\manual-hp-e877-10pages\hp-e877-pages-161-170.pdf,docling,completed,51.874,10,152,1,18,0,2,experiments\docling-hp-e877-10pages-20260927\docling-eefec18609-87a03463,
samples\manual-hp-e877-10pages\hp-e877-pages-171-180.pdf,docling,completed,116.496,10,298,9,4,0,148,experiments\docling-hp-e877-10pages-20260927\docling-9fa759896e-10723b09,
samples\manual-hp-e877-10pages\hp-e877-pages-181-190.pdf,docling,completed,62.129,10,167,3,13,0,2,experiments\docling-hp-e877-10pages-20260927\docling-d9d7d36f26-e885db7e,
samples\manual-hp-e877-10pages\hp-e877-pages-191-200.pdf,docling,completed,46.898,10,182,2,6,0,2,experiments\docling-hp-e877-10pages-20260927\docling-2af17a90c5-d1cd50fb,
samples\manual-hp-e877-10pages\hp-e877-pages-201-210.pdf,docling,completed,43.608,10,156,0,0,0,2,experiments\docling-hp-e877-10pages-20260927\docling-68070b9b78-1c07cf6e,
samples\manual-hp-e877-10pages\hp-e877-pages-211-220.pdf,docling,completed,50.381,10,130,2,5,0,2,experiments\docling-hp-e877-10pages-20260927\docling-83bfe07736-62d1a40f,
samples\manual-hp-e877-10pages\hp-e877-pages-221-230.pdf,docling,completed,85.263,10,102,2,6,0,2,experiments\docling-hp-e877-10pages-20260927\docling-2ddea13abb-b4e24475,
samples\manual-hp-e877-10pages\hp-e877-pages-231-240.pdf,docling,completed,1609.953,10,147,1,4,0,2,experiments\docling-hp-e877-10pages-20260927\docling-ee896197d9-1a304b87,
samples\manual-hp-e877-10pages\hp-e877-pages-241-241.pdf,docling,completed,9.08,1,11,0,0,0,2,experiments\docling-hp-e877-10pages-20260927\docling-310e5e4b92-e3fe2184,
